{
  "src/lib/components/dash_draggable.react.js": {
    "description": "...",
    "displayName": "dash_draggable",
    "methods": [
      {
        "name": "handleOnDragStop",
        "docblock": null,
        "modifiers": [],
        "params": [
          {
            "name": "event",
            "type": null
          },
          {
            "name": "data",
            "type": null
          }
        ],
        "returns": null
      }
    ],
    "props": {
      "id": {
        "type": {
          "name": "string"
        },
        "required": false,
        "description": "The ID used to identify this component in Dash callbacks"
      },
      "setProps": {
        "type": {
          "name": "func"
        },
        "required": false,
        "description": "Dash-assigned callback that should be called whenever any of the\nproperties change"
      },
      "onStop": {
        "type": {
          "name": "func"
        },
        "required": false,
        "description": "..."
      },
      "axis": {
        "type": {
          "name": "string"
        },
        "required": false,
        "description": "..."
      },
      "handle": {
        "type": {
          "name": "string"
        },
        "required": false,
        "description": "..."
      },
      "defaultPosition": {
        "type": {
          "name": "object"
        },
        "required": false,
        "description": "..."
      },
      "position": {
        "type": {
          "name": "object"
        },
        "required": false,
        "description": "..."
      },
      "grid": {
        "type": {
          "name": "array"
        },
        "required": false,
        "description": "..."
      },
      "lastX": {
        "type": {
          "name": "number"
        },
        "required": false,
        "description": "..."
      },
      "lastY": {
        "type": {
          "name": "number"
        },
        "required": false,
        "description": "..."
      },
      "deltaX": {
        "type": {
          "name": "number"
        },
        "required": false,
        "description": "..."
      },
      "deltaY": {
        "type": {
          "name": "number"
        },
        "required": false,
        "description": "..."
      },
      "moved": {
        "type": {
          "name": "bool"
        },
        "required": false,
        "description": "..."
      },
      "children": {
        "type": {
          "name": "node"
        },
        "required": false,
        "description": "..."
      },
      "disabled": {
        "type": {
          "name": "bool"
        },
        "required": false,
        "description": "..."
      }
    }
  }
}
